"Name","DirectoryName"
"12-minibattles.html","D:\unblocked-games.s3.amazonaws.com"
"2048.html","D:\unblocked-games.s3.amazonaws.com"
"2-player-crazy-racer.html","D:\unblocked-games.s3.amazonaws.com"
"8-ball-pool-billiard.html","D:\unblocked-games.s3.amazonaws.com"
"about.html","D:\unblocked-games.s3.amazonaws.com"
"ado-cars-drifter.html","D:\unblocked-games.s3.amazonaws.com"
"agent-smith.html","D:\unblocked-games.s3.amazonaws.com"
"airplane-racer.html","D:\unblocked-games.s3.amazonaws.com"
"alien-sky-invasion.html","D:\unblocked-games.s3.amazonaws.com"
"american-touchdown.html","D:\unblocked-games.s3.amazonaws.com"
"among-impostor.html","D:\unblocked-games.s3.amazonaws.com"
"ancient-2048.html","D:\unblocked-games.s3.amazonaws.com"
"angry-plants-defense.html","D:\unblocked-games.s3.amazonaws.com"
"ape-nft-generator.html","D:\unblocked-games.s3.amazonaws.com"
"apocalypse-truck.html","D:\unblocked-games.s3.amazonaws.com"
"arcade-car-drift.html","D:\unblocked-games.s3.amazonaws.com"
"archer-hero.html","D:\unblocked-games.s3.amazonaws.com"
"archer-ro.html","D:\unblocked-games.s3.amazonaws.com"
"arena-of-heroes.html","D:\unblocked-games.s3.amazonaws.com"
"arena-shooter.html","D:\unblocked-games.s3.amazonaws.com"
"arena-wars.html","D:\unblocked-games.s3.amazonaws.com"
"armedforces-io.html","D:\unblocked-games.s3.amazonaws.com"
"army-attack.html","D:\unblocked-games.s3.amazonaws.com"
"army-combat.html","D:\unblocked-games.s3.amazonaws.com"
"army-driver.html","D:\unblocked-games.s3.amazonaws.com"
"asian-cup-soccer.html","D:\unblocked-games.s3.amazonaws.com"
"a-small-world-cup.html","D:\unblocked-games.s3.amazonaws.com"
"assault-fury.html","D:\unblocked-games.s3.amazonaws.com"
"atv-highway-traffic.html","D:\unblocked-games.s3.amazonaws.com"
"avoid-dying.html","D:\unblocked-games.s3.amazonaws.com"
"awesome-pirates.html","D:\unblocked-games.s3.amazonaws.com"
"axis-football-league.html","D:\unblocked-games.s3.amazonaws.com"
"baby-beauty-salon.html","D:\unblocked-games.s3.amazonaws.com"
"baby-dragons.html","D:\unblocked-games.s3.amazonaws.com"
"backgammon.html","D:\unblocked-games.s3.amazonaws.com"
"backrooms-shooter.html","D:\unblocked-games.s3.amazonaws.com"
"bad-dolls.html","D:\unblocked-games.s3.amazonaws.com"
"bandits-multiplayer-pvp.html","D:\unblocked-games.s3.amazonaws.com"
"basic-snake.html","D:\unblocked-games.s3.amazonaws.com"
"basketball-io.html","D:\unblocked-games.s3.amazonaws.com"
"basketball-king.html","D:\unblocked-games.s3.amazonaws.com"
"basketball-slam-dunk.html","D:\unblocked-games.s3.amazonaws.com"
"basketball-stars.html","D:\unblocked-games.s3.amazonaws.com"
"basket-champs.html","D:\unblocked-games.s3.amazonaws.com"
"basket-hoop.html","D:\unblocked-games.s3.amazonaws.com"
"basket-random-pro.html","D:\unblocked-games.s3.amazonaws.com"
"battle-royale-simulator.html","D:\unblocked-games.s3.amazonaws.com"
"battleship-war.html","D:\unblocked-games.s3.amazonaws.com"
"best-games.html","D:\unblocked-games.s3.amazonaws.com"
"bffs-black-friday-collection.html","D:\unblocked-games.s3.amazonaws.com"
"bffs-retro-time-travel-fashion.html","D:\unblocked-games.s3.amazonaws.com"
"bicycle-simulator.html","D:\unblocked-games.s3.amazonaws.com"
"big-game-hunting.html","D:\unblocked-games.s3.amazonaws.com"
"biozombie-of-evil.html","D:\unblocked-games.s3.amazonaws.com"
"block-blast.html","D:\unblocked-games.s3.amazonaws.com"
"blocky-blast.html","D:\unblocked-games.s3.amazonaws.com"
"blocky-combat-swat.html","D:\unblocked-games.s3.amazonaws.com"
"blocky-parkour-ninja.html","D:\unblocked-games.s3.amazonaws.com"
"bloons-survivor-io.html","D:\unblocked-games.s3.amazonaws.com"
"bloons-tower-defense-3.html","D:\unblocked-games.s3.amazonaws.com"
"bloxorz.html","D:\unblocked-games.s3.amazonaws.com"
"boat-racing.html","D:\unblocked-games.s3.amazonaws.com"
"boat-simulator.html","D:\unblocked-games.s3.amazonaws.com"
"bookworm.html","D:\unblocked-games.s3.amazonaws.com"
"bottle-shooting.html","D:\unblocked-games.s3.amazonaws.com"
"boxing-stars.html","D:\unblocked-games.s3.amazonaws.com"
"breaking-the-bank.html","D:\unblocked-games.s3.amazonaws.com"
"bricks-and-balls.html","D:\unblocked-games.s3.amazonaws.com"
"brick-tetris.html","D:\unblocked-games.s3.amazonaws.com"
"bubble-invasion.html","D:\unblocked-games.s3.amazonaws.com"
"bubble-shooter.html","D:\unblocked-games.s3.amazonaws.com"
"bubble-shooter-easy.html","D:\unblocked-games.s3.amazonaws.com"
"bullet-master.html","D:\unblocked-games.s3.amazonaws.com"
"burnout-city.html","D:\unblocked-games.s3.amazonaws.com"
"burnout-drift-hunter.html","D:\unblocked-games.s3.amazonaws.com"
"burnout-racers.html","D:\unblocked-games.s3.amazonaws.com"
"bus-subway-runner.html","D:\unblocked-games.s3.amazonaws.com"
"cactus-mccoy-1.html","D:\unblocked-games.s3.amazonaws.com"
"cactus-mccoy-2.html","D:\unblocked-games.s3.amazonaws.com"
"cake-match-puzzle.html","D:\unblocked-games.s3.amazonaws.com"
"candy-match.html","D:\unblocked-games.s3.amazonaws.com"
"cannon-strike.html","D:\unblocked-games.s3.amazonaws.com"
"capy-cutie-clicker.html","D:\unblocked-games.s3.amazonaws.com"
"car-carrier-trailer.html","D:\unblocked-games.s3.amazonaws.com"
"car-football.html","D:\unblocked-games.s3.amazonaws.com"
"cargo-jeep-racing.html","D:\unblocked-games.s3.amazonaws.com"
"cargo-truck-simulator.html","D:\unblocked-games.s3.amazonaws.com"
"car-parkour.html","D:\unblocked-games.s3.amazonaws.com"
"car-rush.html","D:\unblocked-games.s3.amazonaws.com"
"cars-simulator.html","D:\unblocked-games.s3.amazonaws.com"
"car-stunt-king.html","D:\unblocked-games.s3.amazonaws.com"
"car-tracks-unlimited.html","D:\unblocked-games.s3.amazonaws.com"
"car-transform-racing.html","D:\unblocked-games.s3.amazonaws.com"
"car-wash.html","D:\unblocked-games.s3.amazonaws.com"
"casual-chess.html","D:\unblocked-games.s3.amazonaws.com"
"cat-simulator.html","D:\unblocked-games.s3.amazonaws.com"
"charge-it.html","D:\unblocked-games.s3.amazonaws.com"
"chat.html","D:\unblocked-games.s3.amazonaws.com"
"checkout-frenzy.html","D:\unblocked-games.s3.amazonaws.com"
"chess-comp-stomp.html","D:\unblocked-games.s3.amazonaws.com"
"chicken-shooter.html","D:\unblocked-games.s3.amazonaws.com"
"christmas-monster-truck.html","D:\unblocked-games.s3.amazonaws.com"
"city-ambulance-driver.html","D:\unblocked-games.s3.amazonaws.com"
"city-car-simulator.html","D:\unblocked-games.s3.amazonaws.com"
"city-driver.html","D:\unblocked-games.s3.amazonaws.com"
"city-police-cars.html","D:\unblocked-games.s3.amazonaws.com"
"city-stunts.html","D:\unblocked-games.s3.amazonaws.com"
"classic-minesweeper.html","D:\unblocked-games.s3.amazonaws.com"
"classicube.html","D:\unblocked-games.s3.amazonaws.com"
"classicube101a.html","D:\unblocked-games.s3.amazonaws.com"
"cobraz-io.html","D:\unblocked-games.s3.amazonaws.com"
"cobraz-io-classic.html","D:\unblocked-games.s3.amazonaws.com"
"colony-simulator.html","D:\unblocked-games.s3.amazonaws.com"
"commando-girl.html","D:\unblocked-games.s3.amazonaws.com"
"conquer-kingdoms.html","D:\unblocked-games.s3.amazonaws.com"
"contact.html","D:\unblocked-games.s3.amazonaws.com"
"cookie-clicker-pro.html","D:\unblocked-games.s3.amazonaws.com"
"cookie-tap.html","D:\unblocked-games.s3.amazonaws.com"
"counter-craft.html","D:\unblocked-games.s3.amazonaws.com"
"crazy-arena-racing.html","D:\unblocked-games.s3.amazonaws.com"
"crazy-ball-adventures.html","D:\unblocked-games.s3.amazonaws.com"
"crazy-battle-royale.html","D:\unblocked-games.s3.amazonaws.com"
"crazy-car-arena.html","D:\unblocked-games.s3.amazonaws.com"
"crazy-car-trials.html","D:\unblocked-games.s3.amazonaws.com"
"crazy-chase.html","D:\unblocked-games.s3.amazonaws.com"
"crazy-drifter.html","D:\unblocked-games.s3.amazonaws.com"
"crazy-hill-climb.html","D:\unblocked-games.s3.amazonaws.com"
"crazy-karts.html","D:\unblocked-games.s3.amazonaws.com"
"crazy-moto-racing.html","D:\unblocked-games.s3.amazonaws.com"
"crazy-parking.html","D:\unblocked-games.s3.amazonaws.com"
"crazy-parking-fury.html","D:\unblocked-games.s3.amazonaws.com"
"crazy-roll.html","D:\unblocked-games.s3.amazonaws.com"
"crazy-shooters.html","D:\unblocked-games.s3.amazonaws.com"
"crazy-shooters-2.html","D:\unblocked-games.s3.amazonaws.com"
"crazy-snake-io.html","D:\unblocked-games.s3.amazonaws.com"
"crazy-stickman-physics.html","D:\unblocked-games.s3.amazonaws.com"
"crazy-strike-force.html","D:\unblocked-games.s3.amazonaws.com"
"cross-the-road.html","D:\unblocked-games.s3.amazonaws.com"
"cs-online.html","D:\unblocked-games.s3.amazonaws.com"
"cubeshot-io.html","D:\unblocked-games.s3.amazonaws.com"
"cubeshot-io-link-2.html","D:\unblocked-games.s3.amazonaws.com"
"cube-worlds.html","D:\unblocked-games.s3.amazonaws.com"
"dark-forest-idle.html","D:\unblocked-games.s3.amazonaws.com"
"darkness-survivors.html","D:\unblocked-games.s3.amazonaws.com"
"dark-ninja-hanjo.html","D:\unblocked-games.s3.amazonaws.com"
"darts-hit.html","D:\unblocked-games.s3.amazonaws.com"
"deathmatch-combat.html","D:\unblocked-games.s3.amazonaws.com"
"death-racing.html","D:\unblocked-games.s3.amazonaws.com"
"deer-hunter.html","D:\unblocked-games.s3.amazonaws.com"
"demolition-derby.html","D:\unblocked-games.s3.amazonaws.com"
"derby-cars-arena.html","D:\unblocked-games.s3.amazonaws.com"
"desert-prince-runner.html","D:\unblocked-games.s3.amazonaws.com"
"desert-road.html","D:\unblocked-games.s3.amazonaws.com"
"diablo.html","D:\unblocked-games.s3.amazonaws.com"
"diggy.html","D:\unblocked-games.s3.amazonaws.com"
"dino-chaos-idle.html","D:\unblocked-games.s3.amazonaws.com"
"dino-evolution-io.html","D:\unblocked-games.s3.amazonaws.com"
"dino-game.html","D:\unblocked-games.s3.amazonaws.com"
"dino-transport-truck.html","D:\unblocked-games.s3.amazonaws.com"
"diver-down.html","D:\unblocked-games.s3.amazonaws.com"
"dockyard-tank-parking.html","D:\unblocked-games.s3.amazonaws.com"
"doggo-clicker.html","D:\unblocked-games.s3.amazonaws.com"
"domino-solitaire.html","D:\unblocked-games.s3.amazonaws.com"
"dont-fall-io.html","D:\unblocked-games.s3.amazonaws.com"
"doom-2d.html","D:\unblocked-games.s3.amazonaws.com"
"dragon-city.html","D:\unblocked-games.s3.amazonaws.com"
"dragon-escape.html","D:\unblocked-games.s3.amazonaws.com"
"dragon-simulator-multiplayer.html","D:\unblocked-games.s3.amazonaws.com"
"dragon-slayer-fps.html","D:\unblocked-games.s3.amazonaws.com"
"dragons-ro.html","D:\unblocked-games.s3.amazonaws.com"
"dragon-world.html","D:\unblocked-games.s3.amazonaws.com"
"drag-racing.html","D:\unblocked-games.s3.amazonaws.com"
"drako-io.html","D:\unblocked-games.s3.amazonaws.com"
"draw-here.html","D:\unblocked-games.s3.amazonaws.com"
"draw-the-bike-bridge.html","D:\unblocked-games.s3.amazonaws.com"
"draw-the-bird-path.html","D:\unblocked-games.s3.amazonaws.com"
"draw-the-bridge.html","D:\unblocked-games.s3.amazonaws.com"
"draw-the-car-path.html","D:\unblocked-games.s3.amazonaws.com"
"draw-the-truck-bridge.html","D:\unblocked-games.s3.amazonaws.com"
"dreamlike-room.html","D:\unblocked-games.s3.amazonaws.com"
"drift-boss.html","D:\unblocked-games.s3.amazonaws.com"
"drift-cars.html","D:\unblocked-games.s3.amazonaws.com"
"drift-city.html","D:\unblocked-games.s3.amazonaws.com"
"drift-fury.html","D:\unblocked-games.s3.amazonaws.com"
"drift-hunters.html","D:\unblocked-games.s3.amazonaws.com"
"drift-hunters-2024.html","D:\unblocked-games.s3.amazonaws.com"
"drift-hunters-pro.html","D:\unblocked-games.s3.amazonaws.com"
"drift-hunters-pro8b19.html","D:\unblocked-games.s3.amazonaws.com"
"drift-king.html","D:\unblocked-games.s3.amazonaws.com"
"drift-racer-2021.html","D:\unblocked-games.s3.amazonaws.com"
"drift-rider.html","D:\unblocked-games.s3.amazonaws.com"
"drift-simulator.html","D:\unblocked-games.s3.amazonaws.com"
"drunken-duel.html","D:\unblocked-games.s3.amazonaws.com"
"duck-life.html","D:\unblocked-games.s3.amazonaws.com"
"duck-life-2.html","D:\unblocked-games.s3.amazonaws.com"
"duck-life-3.html","D:\unblocked-games.s3.amazonaws.com"
"duck-life-4.html","D:\unblocked-games.s3.amazonaws.com"
"duck-life-4-flash.html","D:\unblocked-games.s3.amazonaws.com"
"duck-life-adventure.html","D:\unblocked-games.s3.amazonaws.com"
"duck-life-battle.html","D:\unblocked-games.s3.amazonaws.com"
"duck-life-space.html","D:\unblocked-games.s3.amazonaws.com"
"dungeon-ro.html","D:\unblocked-games.s3.amazonaws.com"
"edelweiss.html","D:\unblocked-games.s3.amazonaws.com"
"edys-car-simulator.html","D:\unblocked-games.s3.amazonaws.com"
"egg-car-racing.html","D:\unblocked-games.s3.amazonaws.com"
"egg-clicker.html","D:\unblocked-games.s3.amazonaws.com"
"egg-helix.html","D:\unblocked-games.s3.amazonaws.com"
"electric-man-2.html","D:\unblocked-games.s3.amazonaws.com"
"electron-dash.html","D:\unblocked-games.s3.amazonaws.com"
"elevator-breaking.html","D:\unblocked-games.s3.amazonaws.com"
"elite-racing.html","D:\unblocked-games.s3.amazonaws.com"
"endless-siege.html","D:\unblocked-games.s3.amazonaws.com"
"epic-basketball.html","D:\unblocked-games.s3.amazonaws.com"
"escaping-the-prison.html","D:\unblocked-games.s3.amazonaws.com"
"evil-santa.html","D:\unblocked-games.s3.amazonaws.com"
"evo-deathmatch-shooter.html","D:\unblocked-games.s3.amazonaws.com"
"exploration-craft.html","D:\unblocked-games.s3.amazonaws.com"
"f1-drift-racer.html","D:\unblocked-games.s3.amazonaws.com"
"f1-racing.html","D:\unblocked-games.s3.amazonaws.com"
"fall-boys.html","D:\unblocked-games.s3.amazonaws.com"
"fall-heroes-knockout.html","D:\unblocked-games.s3.amazonaws.com"
"fancy-pants-2.html","D:\unblocked-games.s3.amazonaws.com"
"fantasy-battles.html","D:\unblocked-games.s3.amazonaws.com"
"fantasy-tower-defense.html","D:\unblocked-games.s3.amazonaws.com"
"farming-island.html","D:\unblocked-games.s3.amazonaws.com"
"fast-food-rush.html","D:\unblocked-games.s3.amazonaws.com"
"fidget-spinner-master.html","D:\unblocked-games.s3.amazonaws.com"
"fighter-emily.html","D:\unblocked-games.s3.amazonaws.com"
"find-it.html","D:\unblocked-games.s3.amazonaws.com"
"fire-and-water.html","D:\unblocked-games.s3.amazonaws.com"
"first-day-of-school.html","D:\unblocked-games.s3.amazonaws.com"
"fish-soccer.html","D:\unblocked-games.s3.amazonaws.com"
"five-nights-at-freddys-3.html","D:\unblocked-games.s3.amazonaws.com"
"five-nights-at-poppy.html","D:\unblocked-games.s3.amazonaws.com"
"flames-and-fortune.html","D:\unblocked-games.s3.amazonaws.com"
"flappy-dragon.html","D:\unblocked-games.s3.amazonaws.com"
"fleeing-the-complex.html","D:\unblocked-games.s3.amazonaws.com"
"flipping-gun-simulator.html","D:\unblocked-games.s3.amazonaws.com"
"fnaf.html","D:\unblocked-games.s3.amazonaws.com"
"fnaf-2.html","D:\unblocked-games.s3.amazonaws.com"
"fnaf-3.html","D:\unblocked-games.s3.amazonaws.com"
"fnaf-4.html","D:\unblocked-games.s3.amazonaws.com"
"fnaf-4-link-2.html","D:\unblocked-games.s3.amazonaws.com"
"fnf-funk-3d.html","D:\unblocked-games.s3.amazonaws.com"
"fnf-garcello.html","D:\unblocked-games.s3.amazonaws.com"
"football-king.html","D:\unblocked-games.s3.amazonaws.com"
"football-legends.html","D:\unblocked-games.s3.amazonaws.com"
"foot-chinko.html","D:\unblocked-games.s3.amazonaws.com"
"forcez-io.html","D:\unblocked-games.s3.amazonaws.com"
"forest-slither-snake.html","D:\unblocked-games.s3.amazonaws.com"
"formula-1-driver.html","D:\unblocked-games.s3.amazonaws.com"
"fort-drifter.html","D:\unblocked-games.s3.amazonaws.com"
"fortress-defense.html","D:\unblocked-games.s3.amazonaws.com"
"fort-shooter-simulator.html","D:\unblocked-games.s3.amazonaws.com"
"four-colors.html","D:\unblocked-games.s3.amazonaws.com"
"fps-simulator.html","D:\unblocked-games.s3.amazonaws.com"
"fps-strike.html","D:\unblocked-games.s3.amazonaws.com"
"friday-night-funkin-fnf.html","D:\unblocked-games.s3.amazonaws.com"
"frontline-commando-survival.html","D:\unblocked-games.s3.amazonaws.com"
"funny-shooter-bro.html","D:\unblocked-games.s3.amazonaws.com"
"fun-party-makeup.html","D:\unblocked-games.s3.amazonaws.com"
"furious-car-racing.html","D:\unblocked-games.s3.amazonaws.com"
"futuristic-racer.html","D:\unblocked-games.s3.amazonaws.com"
"galactic-driver.html","D:\unblocked-games.s3.amazonaws.com"
"galactic-sniper.html","D:\unblocked-games.s3.amazonaws.com"
"galactic-traffic.html","D:\unblocked-games.s3.amazonaws.com"
"game-developers.html","D:\unblocked-games.s3.amazonaws.com\page\7"
"game-developers.html","D:\unblocked-games.s3.amazonaws.com\page\8"
"game-developers.html","D:\unblocked-games.s3.amazonaws.com\page\5"
"game-developers.html","D:\unblocked-games.s3.amazonaws.com\page\6"
"game-developers.html","D:\unblocked-games.s3.amazonaws.com\parking"
"game-developers.html","D:\unblocked-games.s3.amazonaws.com\puzzle"
"game-developers.html","D:\unblocked-games.s3.amazonaws.com\racing"
"game-developers.html","D:\unblocked-games.s3.amazonaws.com\pixel"
"game-developers.html","D:\unblocked-games.s3.amazonaws.com\premium"
"game-developers.html","D:\unblocked-games.s3.amazonaws.com\mobile"
"game-developers.html","D:\unblocked-games.s3.amazonaws.com\mobile\page\2"
"game-developers.html","D:\unblocked-games.s3.amazonaws.com\minecraft"
"game-developers.html","D:\unblocked-games.s3.amazonaws.com\mini"
"game-developers.html","D:\unblocked-games.s3.amazonaws.com\mobile\page\3"
"game-developers.html","D:\unblocked-games.s3.amazonaws.com\page\3"
"game-developers.html","D:\unblocked-games.s3.amazonaws.com\page\4"
"game-developers.html","D:\unblocked-games.s3.amazonaws.com\multiplayer"
"game-developers.html","D:\unblocked-games.s3.amazonaws.com\page\2"
"game-developers.html","D:\unblocked-games.s3.amazonaws.com\stickman"
"game-developers.html","D:\unblocked-games.s3.amazonaws.com\strategy"
"game-developers.html","D:\unblocked-games.s3.amazonaws.com\sniper"
"game-developers.html","D:\unblocked-games.s3.amazonaws.com\sports"
"game-developers.html","D:\unblocked-games.s3.amazonaws.com\tank"
"game-developers.html","D:\unblocked-games.s3.amazonaws.com\unblocked\page\2"
"game-developers.html","D:\unblocked-games.s3.amazonaws.com\unblocked\page\3"
"game-developers.html","D:\unblocked-games.s3.amazonaws.com\truck"
"game-developers.html","D:\unblocked-games.s3.amazonaws.com\unblocked"
"game-developers.html","D:\unblocked-games.s3.amazonaws.com\shooting"
"game-developers.html","D:\unblocked-games.s3.amazonaws.com\shooting\page\2"
"game-developers.html","D:\unblocked-games.s3.amazonaws.com\rally"
"game-developers.html","D:\unblocked-games.s3.amazonaws.com\scary"
"game-developers.html","D:\unblocked-games.s3.amazonaws.com\simulator"
"game-developers.html","D:\unblocked-games.s3.amazonaws.com\skill"
"game-developers.html","D:\unblocked-games.s3.amazonaws.com\snake"
"game-developers.html","D:\unblocked-games.s3.amazonaws.com\simulator\page\2"
"game-developers.html","D:\unblocked-games.s3.amazonaws.com\2-player"
"game-developers.html","D:\unblocked-games.s3.amazonaws.com\kids"
"game-developers.html","D:\unblocked-games.s3.amazonaws.com\adventure"
"game-developers.html","D:\unblocked-games.s3.amazonaws.com\airplane"
"game-developers.html","D:\unblocked-games.s3.amazonaws.com\action"
"game-developers.html","D:\unblocked-games.s3.amazonaws.com\action\page\2"
"game-developers.html","D:\unblocked-games.s3.amazonaws.com\arcade"
"game-developers.html","D:\unblocked-games.s3.amazonaws.com\basketball"
"game-developers.html","D:\unblocked-games.s3.amazonaws.com\battle-royale"
"game-developers.html","D:\unblocked-games.s3.amazonaws.com\arcade\page\2"
"game-developers.html","D:\unblocked-games.s3.amazonaws.com\army"
"game-developers.html","D:\unblocked-games.s3.amazonaws.com\2d\page\3"
"game-developers.html","D:\unblocked-games.s3.amazonaws.com\2d\page\4"
"game-developers.html","D:\unblocked-games.s3.amazonaws.com\2d"
"game-developers.html","D:\unblocked-games.s3.amazonaws.com\2d\page\2"
"game-developers.html","D:\unblocked-games.s3.amazonaws.com\2d\page\5"
"game-developers.html","D:\unblocked-games.s3.amazonaws.com\3d\page\3"
"game-developers.html","D:\unblocked-games.s3.amazonaws.com\3d\page\4"
"game-developers.html","D:\unblocked-games.s3.amazonaws.com\3d"
"game-developers.html","D:\unblocked-games.s3.amazonaws.com\3d\page\2"
"game-developers.html","D:\unblocked-games.s3.amazonaws.com\flash"
"game-developers.html","D:\unblocked-games.s3.amazonaws.com\fps"
"game-developers.html","D:\unblocked-games.s3.amazonaws.com\driving\page\2"
"game-developers.html","D:\unblocked-games.s3.amazonaws.com\escape"
"game-developers.html","D:\unblocked-games.s3.amazonaws.com\girl"
"game-developers.html","D:\unblocked-games.s3.amazonaws.com\idle"
"game-developers.html","D:\unblocked-games.s3.amazonaws.com\io-games"
"game-developers.html","D:\unblocked-games.s3.amazonaws.com\gun"
"game-developers.html","D:\unblocked-games.s3.amazonaws.com\html5"
"game-developers.html","D:\unblocked-games.s3.amazonaws.com\car\page\2"
"game-developers.html","D:\unblocked-games.s3.amazonaws.com\clicker"
"game-developers.html","D:\unblocked-games.s3.amazonaws.com\bike"
"game-developers.html","D:\unblocked-games.s3.amazonaws.com\car"
"game-developers.html","D:\unblocked-games.s3.amazonaws.com\crazy"
"game-developers.html","D:\unblocked-games.s3.amazonaws.com\drift"
"game-developers.html","D:\unblocked-games.s3.amazonaws.com\driving"
"game-developers.html","D:\unblocked-games.s3.amazonaws.com\crazy\page\2"
"game-developers.html","D:\unblocked-games.s3.amazonaws.com\dragon"
"game-developers.html","D:\unblocked-games.s3.amazonaws.com\unblocked\page\4"
"game-developers.html","D:\unblocked-games.s3.amazonaws.com\unity\page\2"
"game-developers.html","D:\unblocked-games.s3.amazonaws.com\zombie"
"game-developers.html","D:\unblocked-games.s3.amazonaws.com\unblocked\page\6"
"game-developers.html","D:\unblocked-games.s3.amazonaws.com\unity"
"game-developers.html","D:\unblocked-games.s3.amazonaws.com\unblocked\page\8"
"game-developers.html","D:\unblocked-games.s3.amazonaws.com\unity\page\3"
"game-developers.html","D:\unblocked-games.s3.amazonaws.com\unblocked\page\7"
"game-developers.html","D:\unblocked-games.s3.amazonaws.com\unblocked\page\5"
"game-developers.html","D:\unblocked-games.s3.amazonaws.com"
"gangsters.html","D:\unblocked-games.s3.amazonaws.com"
"geometry-dash-freezenova.html","D:\unblocked-games.s3.amazonaws.com"
"geometry-dash-scratch.html","D:\unblocked-games.s3.amazonaws.com"
"geometry-escape.html","D:\unblocked-games.s3.amazonaws.com"
"geometry-rash.html","D:\unblocked-games.s3.amazonaws.com"
"get-on-top.html","D:\unblocked-games.s3.amazonaws.com"
"getting-over-it-scratch.html","D:\unblocked-games.s3.amazonaws.com"
"gigga-io.html","D:\unblocked-games.s3.amazonaws.com"
"gigga-io-link-2.html","D:\unblocked-games.s3.amazonaws.com"
"gladiator-simulator.html","D:\unblocked-games.s3.amazonaws.com"
"global-guesser.html","D:\unblocked-games.s3.amazonaws.com"
"gold-miner.html","D:\unblocked-games.s3.amazonaws.com"
"grandmaster-chess.html","D:\unblocked-games.s3.amazonaws.com"
"granny.html","D:\unblocked-games.s3.amazonaws.com"
"gta-simulator.html","D:\unblocked-games.s3.amazonaws.com"
"guerrillas-io.html","D:\unblocked-games.s3.amazonaws.com"
"gummy-blocks.html","D:\unblocked-games.s3.amazonaws.com"
"gun-master.html","D:\unblocked-games.s3.amazonaws.com"
"happy-crayons.html","D:\unblocked-games.s3.amazonaws.com"
"head-ball-online.html","D:\unblocked-games.s3.amazonaws.com"
"head-basketball.html","D:\unblocked-games.s3.amazonaws.com"
"head-soccer-2022.html","D:\unblocked-games.s3.amazonaws.com"
"head-soccer-football.html","D:\unblocked-games.s3.amazonaws.com"
"heavy-combat.html","D:\unblocked-games.s3.amazonaws.com"
"heavy-combat-zombies.html","D:\unblocked-games.s3.amazonaws.com"
"heist-escape.html","D:\unblocked-games.s3.amazonaws.com"
"hero-dragon-power.html","D:\unblocked-games.s3.amazonaws.com"
"heroes-battle.html","D:\unblocked-games.s3.amazonaws.com"
"heroic-survival.html","D:\unblocked-games.s3.amazonaws.com"
"hero-rush-tower-defense.html","D:\unblocked-games.s3.amazonaws.com"
"hero-tower.html","D:\unblocked-games.s3.amazonaws.com"
"hexa-puzzle.html","D:\unblocked-games.s3.amazonaws.com"
"highway-cars.html","D:\unblocked-games.s3.amazonaws.com"
"highway-cars3764.html","D:\unblocked-games.s3.amazonaws.com"
"highway-driver.html","D:\unblocked-games.s3.amazonaws.com"
"highway-moto.html","D:\unblocked-games.s3.amazonaws.com"
"highway-racer-2.html","D:\unblocked-games.s3.amazonaws.com"
"highway-racer-pro.html","D:\unblocked-games.s3.amazonaws.com"
"highway-traffic.html","D:\unblocked-games.s3.amazonaws.com"
"hill-climb-cars.html","D:\unblocked-games.s3.amazonaws.com"
"hill-climb-moto.html","D:\unblocked-games.s3.amazonaws.com"
"hook.html","D:\unblocked-games.s3.amazonaws.com"
"hook-wars.html","D:\unblocked-games.s3.amazonaws.com"
"horse-riding-simulator.html","D:\unblocked-games.s3.amazonaws.com"
"hospital-kissing.html","D:\unblocked-games.s3.amazonaws.com"
"house-painter.html","D:\unblocked-games.s3.amazonaws.com"
"hover-racer.html","D:\unblocked-games.s3.amazonaws.com"
"hover-racer-pro.html","D:\unblocked-games.s3.amazonaws.com"
"hunter-hitman.html","D:\unblocked-games.s3.amazonaws.com"
"idle-breakout.html","D:\unblocked-games.s3.amazonaws.com"
"idle-dev-startup.html","D:\unblocked-games.s3.amazonaws.com"
"idle-farming-business.html","D:\unblocked-games.s3.amazonaws.com"
"idle-mining-empire.html","D:\unblocked-games.s3.amazonaws.com"
"idle-restaurant.html","D:\unblocked-games.s3.amazonaws.com"
"idle-startup-tycoon.html","D:\unblocked-games.s3.amazonaws.com"
"impossible-stunt-tracks.html","D:\unblocked-games.s3.amazonaws.com"
"index.html","D:\unblocked-games.s3.amazonaws.com\2d\page\5"
"index.html","D:\unblocked-games.s3.amazonaws.com\3d\page\3"
"index.html","D:\unblocked-games.s3.amazonaws.com\3d\page\2"
"index.html","D:\unblocked-games.s3.amazonaws.com\crazy"
"index.html","D:\unblocked-games.s3.amazonaws.com\3d"
"index.html","D:\unblocked-games.s3.amazonaws.com\dragon"
"index.html","D:\unblocked-games.s3.amazonaws.com\2d\page\2"
"index.html","D:\unblocked-games.s3.amazonaws.com\2-player"
"index.html","D:\unblocked-games.s3.amazonaws.com\2d"
"index.html","D:\unblocked-games.s3.amazonaws.com\simulator\page\2"
"index.html","D:\unblocked-games.s3.amazonaws.com\crazy\page\2"
"index.html","D:\unblocked-games.s3.amazonaws.com\2d\page\3"
"index.html","D:\unblocked-games.s3.amazonaws.com\2d\page\4"
"index.html","D:\unblocked-games.s3.amazonaws.com\3d\page\4"
"index.html","D:\unblocked-games.s3.amazonaws.com\battle-royale"
"index.html","D:\unblocked-games.s3.amazonaws.com\arcade"
"index.html","D:\unblocked-games.s3.amazonaws.com\bike"
"index.html","D:\unblocked-games.s3.amazonaws.com\basketball"
"index.html","D:\unblocked-games.s3.amazonaws.com\army"
"index.html","D:\unblocked-games.s3.amazonaws.com\arcade\page\2"
"index.html","D:\unblocked-games.s3.amazonaws.com\airplane"
"index.html","D:\unblocked-games.s3.amazonaws.com\action\page\2"
"index.html","D:\unblocked-games.s3.amazonaws.com\clicker"
"index.html","D:\unblocked-games.s3.amazonaws.com\action"
"index.html","D:\unblocked-games.s3.amazonaws.com\car"
"index.html","D:\unblocked-games.s3.amazonaws.com\adventure"
"index.html","D:\unblocked-games.s3.amazonaws.com\car\page\2"
"index.html","D:\unblocked-games.s3.amazonaws.com\drift"
"index.html","D:\unblocked-games.s3.amazonaws.com\unity"
"index.html","D:\unblocked-games.s3.amazonaws.com\unity\page\2"
"index.html","D:\unblocked-games.s3.amazonaws.com\simulator"
"index.html","D:\unblocked-games.s3.amazonaws.com\unblocked\page\8"
"index.html","D:\unblocked-games.s3.amazonaws.com\snake"
"index.html","D:\unblocked-games.s3.amazonaws.com\skill"
"index.html","D:\unblocked-games.s3.amazonaws.com\shooting\page\2"
"index.html","D:\unblocked-games.s3.amazonaws.com\rally"
"index.html","D:\unblocked-games.s3.amazonaws.com\racing"
"index.html","D:\unblocked-games.s3.amazonaws.com\puzzle"
"index.html","D:\unblocked-games.s3.amazonaws.com\unity\page\3"
"index.html","D:\unblocked-games.s3.amazonaws.com\shooting"
"index.html","D:\unblocked-games.s3.amazonaws.com\scary"
"index.html","D:\unblocked-games.s3.amazonaws.com\unblocked"
"index.html","D:\unblocked-games.s3.amazonaws.com\unblocked\page\5"
"index.html","D:\unblocked-games.s3.amazonaws.com\truck"
"index.html","D:\unblocked-games.s3.amazonaws.com\unblocked\page\3"
"index.html","D:\unblocked-games.s3.amazonaws.com\unblocked\page\4"
"index.html","D:\unblocked-games.s3.amazonaws.com\unblocked\page\2"
"index.html","D:\unblocked-games.s3.amazonaws.com\tank"
"index.html","D:\unblocked-games.s3.amazonaws.com\unblocked\page\7"
"index.html","D:\unblocked-games.s3.amazonaws.com\sports"
"index.html","D:\unblocked-games.s3.amazonaws.com\sniper"
"index.html","D:\unblocked-games.s3.amazonaws.com\unblocked\page\6"
"index.html","D:\unblocked-games.s3.amazonaws.com\strategy"
"index.html","D:\unblocked-games.s3.amazonaws.com\stickman"
"index.html","D:\unblocked-games.s3.amazonaws.com\premium"
"index.html","D:\unblocked-games.s3.amazonaws.com\io-games"
"index.html","D:\unblocked-games.s3.amazonaws.com\idle"
"index.html","D:\unblocked-games.s3.amazonaws.com\html5"
"index.html","D:\unblocked-games.s3.amazonaws.com\mini"
"index.html","D:\unblocked-games.s3.amazonaws.com\minecraft"
"index.html","D:\unblocked-games.s3.amazonaws.com\kids"
"index.html","D:\unblocked-games.s3.amazonaws.com\gun"
"index.html","D:\unblocked-games.s3.amazonaws.com\escape"
"index.html","D:\unblocked-games.s3.amazonaws.com\driving\page\2"
"index.html","D:\unblocked-games.s3.amazonaws.com\driving"
"index.html","D:\unblocked-games.s3.amazonaws.com\girl"
"index.html","D:\unblocked-games.s3.amazonaws.com\fps"
"index.html","D:\unblocked-games.s3.amazonaws.com\flash"
"index.html","D:\unblocked-games.s3.amazonaws.com\page\7"
"index.html","D:\unblocked-games.s3.amazonaws.com\page\6"
"index.html","D:\unblocked-games.s3.amazonaws.com\page\5"
"index.html","D:\unblocked-games.s3.amazonaws.com\pixel"
"index.html","D:\unblocked-games.s3.amazonaws.com\parking"
"index.html","D:\unblocked-games.s3.amazonaws.com\page\8"
"index.html","D:\unblocked-games.s3.amazonaws.com\page\4"
"index.html","D:\unblocked-games.s3.amazonaws.com\mobile\page\3"
"index.html","D:\unblocked-games.s3.amazonaws.com\mobile\page\2"
"index.html","D:\unblocked-games.s3.amazonaws.com\mobile"
"index.html","D:\unblocked-games.s3.amazonaws.com\page\3"
"index.html","D:\unblocked-games.s3.amazonaws.com\page\2"
"index.html","D:\unblocked-games.s3.amazonaws.com\multiplayer"
"index.html","D:\unblocked-games.s3.amazonaws.com"
"index.html","D:\unblocked-games.s3.amazonaws.com\zombie"
"index-2.html","D:\unblocked-games.s3.amazonaws.com"
"infiltrating-the-airship.html","D:\unblocked-games.s3.amazonaws.com"
"interactive-buddy.html","D:\unblocked-games.s3.amazonaws.com"
"jackpot-casino.html","D:\unblocked-games.s3.amazonaws.com"
"jacksmith.html","D:\unblocked-games.s3.amazonaws.com"
"jacks-village.html","D:\unblocked-games.s3.amazonaws.com"
"jasmine-beauty-salon.html","D:\unblocked-games.s3.amazonaws.com"
"jeep-driver.html","D:\unblocked-games.s3.amazonaws.com"
"jeep-racing.html","D:\unblocked-games.s3.amazonaws.com"
"jet-ski-boat-race.html","D:\unblocked-games.s3.amazonaws.com"
"julie-beauty-salon.html","D:\unblocked-games.s3.amazonaws.com"
"julio-police-cars.html","D:\unblocked-games.s3.amazonaws.com"
"jul-monster-truck-racing.html","D:\unblocked-games.s3.amazonaws.com"
"jul-moto-racing.html","D:\unblocked-games.s3.amazonaws.com"
"kawaii-shooter.html","D:\unblocked-games.s3.amazonaws.com"
"kick-the-alien.html","D:\unblocked-games.s3.amazonaws.com"
"kick-the-pirate.html","D:\unblocked-games.s3.amazonaws.com"
"kick-the-teddy-bear.html","D:\unblocked-games.s3.amazonaws.com"
"kick-the-zombie.html","D:\unblocked-games.s3.amazonaws.com"
"kingdom-attack.html","D:\unblocked-games.s3.amazonaws.com"
"kingdom-battle-3d.html","D:\unblocked-games.s3.amazonaws.com"
"kingdom-rush-frontiers.html","D:\unblocked-games.s3.amazonaws.com"
"kings-io.html","D:\unblocked-games.s3.amazonaws.com"
"klondike-solitaire.html","D:\unblocked-games.s3.amazonaws.com"
"knife-throw.html","D:\unblocked-games.s3.amazonaws.com"
"learn-to-fly.html","D:\unblocked-games.s3.amazonaws.com"
"learn-to-fly-2.html","D:\unblocked-games.s3.amazonaws.com"
"learn-to-fly-3.html","D:\unblocked-games.s3.amazonaws.com"
"learn-to-fly-idle.html","D:\unblocked-games.s3.amazonaws.com"
"legendary-sniper.html","D:\unblocked-games.s3.amazonaws.com"
"legends-arena.html","D:\unblocked-games.s3.amazonaws.com"
"lets-roll.html","D:\unblocked-games.s3.amazonaws.com"
"limousine-driver.html","D:\unblocked-games.s3.amazonaws.com"
"limousine-simulator.html","D:\unblocked-games.s3.amazonaws.com"
"logistics-inc.html","D:\unblocked-games.s3.amazonaws.com"
"love-pins.html","D:\unblocked-games.s3.amazonaws.com"
"love-tester.html","D:\unblocked-games.s3.amazonaws.com"
"love-tester-story.html","D:\unblocked-games.s3.amazonaws.com"
"madalin-stunt-cars-pro.html","D:\unblocked-games.s3.amazonaws.com"
"mad-combat-marines.html","D:\unblocked-games.s3.amazonaws.com"
"mad-doctor.html","D:\unblocked-games.s3.amazonaws.com"
"mafia-getaway-cars.html","D:\unblocked-games.s3.amazonaws.com"
"mahjong.html","D:\unblocked-games.s3.amazonaws.com"
"majestic-hero.html","D:\unblocked-games.s3.amazonaws.com"
"marble-zumba-stack.html","D:\unblocked-games.s3.amazonaws.com"
"marco.html","D:\unblocked-games.s3.amazonaws.com"
"masked-forces.html","D:\unblocked-games.s3.amazonaws.com"
"masked-forces-3.html","D:\unblocked-games.s3.amazonaws.com"
"masked-forces-crazy-mode.html","D:\unblocked-games.s3.amazonaws.com"
"masked-forces-zombie-survival.html","D:\unblocked-games.s3.amazonaws.com"
"masked-io.html","D:\unblocked-games.s3.amazonaws.com"
"masked-shooters-assault.html","D:\unblocked-games.s3.amazonaws.com"
"masked-special-forces.html","D:\unblocked-games.s3.amazonaws.com"
"master-chess.html","D:\unblocked-games.s3.amazonaws.com"
"math-experta.html","D:\unblocked-games.s3.amazonaws.com"
"mech-shooter.html","D:\unblocked-games.s3.amazonaws.com"
"mega-soccer.html","D:\unblocked-games.s3.amazonaws.com"
"meowfia-evolution.html","D:\unblocked-games.s3.amazonaws.com"
"merge-cakes.html","D:\unblocked-games.s3.amazonaws.com"
"messi-new-challenge.html","D:\unblocked-games.s3.amazonaws.com"
"mine-clone.html","D:\unblocked-games.s3.amazonaws.com"
"minesweeper.html","D:\unblocked-games.s3.amazonaws.com"
"mini-cars-racing.html","D:\unblocked-games.s3.amazonaws.com"
"mini-craft.html","D:\unblocked-games.s3.amazonaws.com"
"mini-crossword.html","D:\unblocked-games.s3.amazonaws.com"
"mini-missions.html","D:\unblocked-games.s3.amazonaws.com"
"mini-nova-shooters.html","D:\unblocked-games.s3.amazonaws.com"
"mini-shooters.html","D:\unblocked-games.s3.amazonaws.com"
"mini-zombie-shooters.html","D:\unblocked-games.s3.amazonaws.com"
"moba-simulator.html","D:\unblocked-games.s3.amazonaws.com"
"mob-city.html","D:\unblocked-games.s3.amazonaws.com"
"model-dress-up.html","D:\unblocked-games.s3.amazonaws.com"
"monoa-city-parking.html","D:\unblocked-games.s3.amazonaws.com"
"monster-city.html","D:\unblocked-games.s3.amazonaws.com"
"monster-survivors.html","D:\unblocked-games.s3.amazonaws.com"
"monster-truck-2d.html","D:\unblocked-games.s3.amazonaws.com"
"monster-truck-booster.html","D:\unblocked-games.s3.amazonaws.com"
"monster-truck-city-parking.html","D:\unblocked-games.s3.amazonaws.com"
"monster-truck-contest.html","D:\unblocked-games.s3.amazonaws.com"
"monster-truck-dirt-rally.html","D:\unblocked-games.s3.amazonaws.com"
"monster-truck-mountain-climb.html","D:\unblocked-games.s3.amazonaws.com"
"monster-truck-race-arena.html","D:\unblocked-games.s3.amazonaws.com"
"monster-truck-racing.html","D:\unblocked-games.s3.amazonaws.com"
"monster-truck-stunts.html","D:\unblocked-games.s3.amazonaws.com"
"moto-beach.html","D:\unblocked-games.s3.amazonaws.com"
"moto-racer.html","D:\unblocked-games.s3.amazonaws.com"
"motorbike-racing.html","D:\unblocked-games.s3.amazonaws.com"
"motorbike-simulator.html","D:\unblocked-games.s3.amazonaws.com"
"motorbike-stunt-simulator.html","D:\unblocked-games.s3.amazonaws.com"
"motorbike-traffic.html","D:\unblocked-games.s3.amazonaws.com"
"moto-traffic.html","D:\unblocked-games.s3.amazonaws.com"
"moto-trials.html","D:\unblocked-games.s3.amazonaws.com"
"moto-x3m.html","D:\unblocked-games.s3.amazonaws.com"
"moto-x3m-pool-party.html","D:\unblocked-games.s3.amazonaws.com"
"moto-x3m-pool-party0e04.html","D:\unblocked-games.s3.amazonaws.com"
"moto-x3m-pool-party583e.html","D:\unblocked-games.s3.amazonaws.com"
"moto-x3m-pool-partydffc.html","D:\unblocked-games.s3.amazonaws.com"
"moto-x3m-spooky-land.html","D:\unblocked-games.s3.amazonaws.com"
"moto-x3m-winter.html","D:\unblocked-games.s3.amazonaws.com"
"mountain-car-racing.html","D:\unblocked-games.s3.amazonaws.com"
"mr-jack-vs-zombies.html","D:\unblocked-games.s3.amazonaws.com"
"mr-space-bullet.html","D:\unblocked-games.s3.amazonaws.com"
"neighborhood-defense.html","D:\unblocked-games.s3.amazonaws.com"
"neon-moto-driver.html","D:\unblocked-games.s3.amazonaws.com"
"neon-racer.html","D:\unblocked-games.s3.amazonaws.com"
"neon-slither-sim.html","D:\unblocked-games.s3.amazonaws.com"
"neon-war.html","D:\unblocked-games.s3.amazonaws.com"
"new-games.html","D:\unblocked-games.s3.amazonaws.com"
"nova-billiard.html","D:\unblocked-games.s3.amazonaws.com"
"nova-clicker.html","D:\unblocked-games.s3.amazonaws.com"
"nova-craft.html","D:\unblocked-games.s3.amazonaws.com"
"nova-idle-clicker.html","D:\unblocked-games.s3.amazonaws.com"
"nuts-and-bolts-puzzle.html","D:\unblocked-games.s3.amazonaws.com"
"offroad-jeep-simulator.html","D:\unblocked-games.s3.amazonaws.com"
"offroad-racer.html","D:\unblocked-games.s3.amazonaws.com"
"offroad-racing-2d.html","D:\unblocked-games.s3.amazonaws.com"
"offroad-rally.html","D:\unblocked-games.s3.amazonaws.com"
"ovo.html","D:\unblocked-games.s3.amazonaws.com"
"owl-and-rabbit-fashion.html","D:\unblocked-games.s3.amazonaws.com"
"papas-bakeria.html","D:\unblocked-games.s3.amazonaws.com"
"papas-burgeria.html","D:\unblocked-games.s3.amazonaws.com"
"papas-cheeseria.html","D:\unblocked-games.s3.amazonaws.com"
"papas-cupcakeria.html","D:\unblocked-games.s3.amazonaws.com"
"papas-donuteria.html","D:\unblocked-games.s3.amazonaws.com"
"papas-freezeria.html","D:\unblocked-games.s3.amazonaws.com"
"papas-hot-doggeria.html","D:\unblocked-games.s3.amazonaws.com"
"papas-pancakeria.html","D:\unblocked-games.s3.amazonaws.com"
"papas-pastaria.html","D:\unblocked-games.s3.amazonaws.com"
"papas-pizzeria.html","D:\unblocked-games.s3.amazonaws.com"
"papas-scooperia.html","D:\unblocked-games.s3.amazonaws.com"
"papas-sushiria.html","D:\unblocked-games.s3.amazonaws.com"
"papas-taco-mia.html","D:\unblocked-games.s3.amazonaws.com"
"papas-wingeria.html","D:\unblocked-games.s3.amazonaws.com"
"paper-io.html","D:\unblocked-games.s3.amazonaws.com"
"paper-minecraft-scratch.html","D:\unblocked-games.s3.amazonaws.com"
"paper-planets.html","D:\unblocked-games.s3.amazonaws.com"
"paradise-girls.html","D:\unblocked-games.s3.amazonaws.com"
"penalty-challenge.html","D:\unblocked-games.s3.amazonaws.com"
"penalty-kick.html","D:\unblocked-games.s3.amazonaws.com"
"penalty-king.html","D:\unblocked-games.s3.amazonaws.com"
"perfect-first-date.html","D:\unblocked-games.s3.amazonaws.com"
"pets-beauty-salon.html","D:\unblocked-games.s3.amazonaws.com"
"pets-master-simulator.html","D:\unblocked-games.s3.amazonaws.com"
"pickup-simulator.html","D:\unblocked-games.s3.amazonaws.com"
"pinball-simulator.html","D:\unblocked-games.s3.amazonaws.com"
"pipe-ninja.html","D:\unblocked-games.s3.amazonaws.com"
"pixel-battle-royale.html","D:\unblocked-games.s3.amazonaws.com"
"pixel-battle-royale-multiplayer.html","D:\unblocked-games.s3.amazonaws.com"
"pixel-craft.html","D:\unblocked-games.s3.amazonaws.com"
"pixel-driver.html","D:\unblocked-games.s3.amazonaws.com"
"pixelforces-io.html","D:\unblocked-games.s3.amazonaws.com"
"pixelmon-town.html","D:\unblocked-games.s3.amazonaws.com"
"pixel-survival.html","D:\unblocked-games.s3.amazonaws.com"
"pocket-drift.html","D:\unblocked-games.s3.amazonaws.com"
"police-chase-drifter.html","D:\unblocked-games.s3.amazonaws.com"
"police-stunt-cars.html","D:\unblocked-games.s3.amazonaws.com"
"police-traffic.html","D:\unblocked-games.s3.amazonaws.com"
"poly-racing-cars.html","D:\unblocked-games.s3.amazonaws.com"
"poop-clicker.html","D:\unblocked-games.s3.amazonaws.com"
"powerslide-kart-simulator.html","D:\unblocked-games.s3.amazonaws.com"
"princess-beauty-salon.html","D:\unblocked-games.s3.amazonaws.com"
"princesses-prom-night.html","D:\unblocked-games.s3.amazonaws.com"
"princess-influencer-salon.html","D:\unblocked-games.s3.amazonaws.com"
"privacy-policy.html","D:\unblocked-games.s3.amazonaws.com"
"puppet-killer.html","D:\unblocked-games.s3.amazonaws.com"
"racing-cars.html","D:\unblocked-games.s3.amazonaws.com"
"racing-cars-2.html","D:\unblocked-games.s3.amazonaws.com"
"raft-wars.html","D:\unblocked-games.s3.amazonaws.com"
"ragdoll-fall.html","D:\unblocked-games.s3.amazonaws.com"
"rainbow-survival.html","D:\unblocked-games.s3.amazonaws.com"
"rally-racing.html","D:\unblocked-games.s3.amazonaws.com"
"real-flight-simulator.html","D:\unblocked-games.s3.amazonaws.com"
"realistic-buggy-driver.html","D:\unblocked-games.s3.amazonaws.com"
"realistic-zombie-survival-warfare.html","D:\unblocked-games.s3.amazonaws.com"
"rebel-forces.html","D:\unblocked-games.s3.amazonaws.com"
"recently-played-games.html","D:\unblocked-games.s3.amazonaws.com"
"religious-idle.html","D:\unblocked-games.s3.amazonaws.com"
"rescue-helicopter.html","D:\unblocked-games.s3.amazonaws.com"
"restaurant-secret-kiss.html","D:\unblocked-games.s3.amazonaws.com"
"roams-io.html","D:\unblocked-games.s3.amazonaws.com"
"rogue-soul-2.html","D:\unblocked-games.s3.amazonaws.com"
"romantic-secret-kiss.html","D:\unblocked-games.s3.amazonaws.com"
"rome-simulator.html","D:\unblocked-games.s3.amazonaws.com"
"rooftop-duel.html","D:\unblocked-games.s3.amazonaws.com"
"run-1.html","D:\unblocked-games.s3.amazonaws.com"
"run-3-space.html","D:\unblocked-games.s3.amazonaws.com"
"run-run-duck.html","D:\unblocked-games.s3.amazonaws.com"
"school-bus.html","D:\unblocked-games.s3.amazonaws.com"
"school-day.html","D:\unblocked-games.s3.amazonaws.com"
"scratch-chess.html","D:\unblocked-games.s3.amazonaws.com"
"secret-sniper-agent.html","D:\unblocked-games.s3.amazonaws.com"
"shadow-strike.html","D:\unblocked-games.s3.amazonaws.com"
"shark-io.html","D:\unblocked-games.s3.amazonaws.com"
"shooterz-io.html","D:\unblocked-games.s3.amazonaws.com"
"shortcut-race.html","D:\unblocked-games.s3.amazonaws.com"
"siegius.html","D:\unblocked-games.s3.amazonaws.com"
"simple-loot-idle.html","D:\unblocked-games.s3.amazonaws.com"
"skateboard-marathon.html","D:\unblocked-games.s3.amazonaws.com"
"skibidi-strike.html","D:\unblocked-games.s3.amazonaws.com"
"skibidi-toilet-io.html","D:\unblocked-games.s3.amazonaws.com"
"skibidi-toilet-shooting.html","D:\unblocked-games.s3.amazonaws.com"
"slidepark-io.html","D:\unblocked-games.s3.amazonaws.com"
"slither-snakes.html","D:\unblocked-games.s3.amazonaws.com"
"slow-roads.html","D:\unblocked-games.s3.amazonaws.com"
"snake.html","D:\unblocked-games.s3.amazonaws.com"
"snake-football.html","D:\unblocked-games.s3.amazonaws.com"
"snake-wars.html","D:\unblocked-games.s3.amazonaws.com"
"sniper-elite.html","D:\unblocked-games.s3.amazonaws.com"
"sniper-reloaded.html","D:\unblocked-games.s3.amazonaws.com"
"sniper-strike.html","D:\unblocked-games.s3.amazonaws.com"
"sniper-trigger.html","D:\unblocked-games.s3.amazonaws.com"
"snow-hill-racing.html","D:\unblocked-games.s3.amazonaws.com"
"snow-war-io.html","D:\unblocked-games.s3.amazonaws.com"
"soccer-masters.html","D:\unblocked-games.s3.amazonaws.com"
"soccer-random-pro.html","D:\unblocked-games.s3.amazonaws.com"
"social-media-snake.html","D:\unblocked-games.s3.amazonaws.com"
"soldier-legend.html","D:\unblocked-games.s3.amazonaws.com"
"solitaire-adventure.html","D:\unblocked-games.s3.amazonaws.com"
"soul-essence-adventure.html","D:\unblocked-games.s3.amazonaws.com"
"spacebar-clicker.html","D:\unblocked-games.s3.amazonaws.com"
"spaceguard-io.html","D:\unblocked-games.s3.amazonaws.com"
"spartahoppers.html","D:\unblocked-games.s3.amazonaws.com"
"speed-drift-racing.html","D:\unblocked-games.s3.amazonaws.com"
"speedrun-parkour.html","D:\unblocked-games.s3.amazonaws.com"
"sportbike-simulator.html","D:\unblocked-games.s3.amazonaws.com"
"sports-car-drift.html","D:\unblocked-games.s3.amazonaws.com"
"sports-minibattles.html","D:\unblocked-games.s3.amazonaws.com"
"sprunki.html","D:\unblocked-games.s3.amazonaws.com"
"squad-shooter.html","D:\unblocked-games.s3.amazonaws.com"
"squid-race-simulator.html","D:\unblocked-games.s3.amazonaws.com"
"stackballio.html","D:\unblocked-games.s3.amazonaws.com"
"stack-fire-ball.html","D:\unblocked-games.s3.amazonaws.com"
"state-io-wars.html","D:\unblocked-games.s3.amazonaws.com"
"stealing-the-diamond.html","D:\unblocked-games.s3.amazonaws.com"
"stellar-shooters.html","D:\unblocked-games.s3.amazonaws.com"
"stick-battle.html","D:\unblocked-games.s3.amazonaws.com"
"stick-guys-defense.html","D:\unblocked-games.s3.amazonaws.com"
"stick-hero-mighty-tower-wars.html","D:\unblocked-games.s3.amazonaws.com"
"stickjet-challenge.html","D:\unblocked-games.s3.amazonaws.com"
"stickman-destruction.html","D:\unblocked-games.s3.amazonaws.com"
"stickman-gta-city.html","D:\unblocked-games.s3.amazonaws.com"
"stickman-parkour.html","D:\unblocked-games.s3.amazonaws.com"
"stickman-ragdoll.html","D:\unblocked-games.s3.amazonaws.com"
"stickman-swing.html","D:\unblocked-games.s3.amazonaws.com"
"stickman-war.html","D:\unblocked-games.s3.amazonaws.com"
"storm-city-mafia.html","D:\unblocked-games.s3.amazonaws.com"
"stunt-crasher.html","D:\unblocked-games.s3.amazonaws.com"
"stunt-rider.html","D:\unblocked-games.s3.amazonaws.com"
"stunt-simulator.html","D:\unblocked-games.s3.amazonaws.com"
"stunt-simulator-2.html","D:\unblocked-games.s3.amazonaws.com"
"stunt-simulator-multiplayer.html","D:\unblocked-games.s3.amazonaws.com"
"su-battle-royale.html","D:\unblocked-games.s3.amazonaws.com"
"subway-idle-3d.html","D:\unblocked-games.s3.amazonaws.com"
"sudoku.html","D:\unblocked-games.s3.amazonaws.com"
"sudoku-village.html","D:\unblocked-games.s3.amazonaws.com"
"super-car-driving.html","D:\unblocked-games.s3.amazonaws.com"
"supercars-drift.html","D:\unblocked-games.s3.amazonaws.com"
"supermarket-simulator.html","D:\unblocked-games.s3.amazonaws.com"
"super-mini-racing.html","D:\unblocked-games.s3.amazonaws.com"
"super-soccer-noggins.html","D:\unblocked-games.s3.amazonaws.com"
"survival-craft.html","D:\unblocked-games.s3.amazonaws.com"
"survival-island.html","D:\unblocked-games.s3.amazonaws.com"
"survival-karts.html","D:\unblocked-games.s3.amazonaws.com"
"survival-race.html","D:\unblocked-games.s3.amazonaws.com"
"surviv-bros.html","D:\unblocked-games.s3.amazonaws.com"
"surviv-bros-link-2.html","D:\unblocked-games.s3.amazonaws.com"
"sweet-sugar-match.html","D:\unblocked-games.s3.amazonaws.com"
"swing-monkey.html","D:\unblocked-games.s3.amazonaws.com"
"swords-and-souls.html","D:\unblocked-games.s3.amazonaws.com"
"tank-arena.html","D:\unblocked-games.s3.amazonaws.com"
"tank-driver-simulator.html","D:\unblocked-games.s3.amazonaws.com"
"tank-racing.html","D:\unblocked-games.s3.amazonaws.com"
"tanks-of-the-galaxy.html","D:\unblocked-games.s3.amazonaws.com"
"tank-war-simulator.html","D:\unblocked-games.s3.amazonaws.com"
"tap-tap-colors.html","D:\unblocked-games.s3.amazonaws.com"
"tap-tap-goals.html","D:\unblocked-games.s3.amazonaws.com"
"tap-tap-shots.html","D:\unblocked-games.s3.amazonaws.com"
"taxi-simulator.html","D:\unblocked-games.s3.amazonaws.com"
"teddy-adventure.html","D:\unblocked-games.s3.amazonaws.com"
"tennis-masters.html","D:\unblocked-games.s3.amazonaws.com"
"tennis-masters8226.html","D:\unblocked-games.s3.amazonaws.com"
"tetris.html","D:\unblocked-games.s3.amazonaws.com"
"the-farmer.html","D:\unblocked-games.s3.amazonaws.com"
"the-farmer-craft.html","D:\unblocked-games.s3.amazonaws.com"
"the-spear-stickman.html","D:\unblocked-games.s3.amazonaws.com"
"thief-ro.html","D:\unblocked-games.s3.amazonaws.com"
"tic-tac-toe.html","D:\unblocked-games.s3.amazonaws.com"
"tile-match.html","D:\unblocked-games.s3.amazonaws.com"
"tiny-crash-fighters.html","D:\unblocked-games.s3.amazonaws.com"
"toilets-attack.html","D:\unblocked-games.s3.amazonaws.com"
"toon-shooters.html","D:\unblocked-games.s3.amazonaws.com"
"toonz-io.html","D:\unblocked-games.s3.amazonaws.com"
"total-recoil.html","D:\unblocked-games.s3.amazonaws.com"
"tower-of-colors.html","D:\unblocked-games.s3.amazonaws.com"
"tower-survivor.html","D:\unblocked-games.s3.amazonaws.com"
"toy-cars.html","D:\unblocked-games.s3.amazonaws.com"
"tractor-farming-simulator.html","D:\unblocked-games.s3.amazonaws.com"
"train-racing.html","D:\unblocked-games.s3.amazonaws.com"
"train-simulator.html","D:\unblocked-games.s3.amazonaws.com"
"trains-io.html","D:\unblocked-games.s3.amazonaws.com"
"treasure-hunter.html","D:\unblocked-games.s3.amazonaws.com"
"troll-level.html","D:\unblocked-games.s3.amazonaws.com"
"truck-racing.html","D:\unblocked-games.s3.amazonaws.com"
"tunnel.html","D:\unblocked-games.s3.amazonaws.com"
"ultimate-moto.html","D:\unblocked-games.s3.amazonaws.com"
"unblocked-shooters.html","D:\unblocked-games.s3.amazonaws.com"
"undead-wars.html","D:\unblocked-games.s3.amazonaws.com"
"underwater-cycling.html","D:\unblocked-games.s3.amazonaws.com"
"underworld-survival.html","D:\unblocked-games.s3.amazonaws.com"
"unicorn-beauty-salon.html","D:\unblocked-games.s3.amazonaws.com"
"uno-online.html","D:\unblocked-games.s3.amazonaws.com"
"uphill-bus-simulator.html","D:\unblocked-games.s3.amazonaws.com"
"urban-sniper.html","D:\unblocked-games.s3.amazonaws.com"
"vegas-crime-city.html","D:\unblocked-games.s3.amazonaws.com"
"vehicles-simulator.html","D:\unblocked-games.s3.amazonaws.com"
"vehicles-simulator-2.html","D:\unblocked-games.s3.amazonaws.com"
"void-city.html","D:\unblocked-games.s3.amazonaws.com"
"voodoo-doll.html","D:\unblocked-games.s3.amazonaws.com"
"voxel-world.html","D:\unblocked-games.s3.amazonaws.com"
"war-of-ships-io.html","D:\unblocked-games.s3.amazonaws.com"
"war-of-tanks-paper-note.html","D:\unblocked-games.s3.amazonaws.com"
"war-simulator.html","D:\unblocked-games.s3.amazonaws.com"
"warstrike.html","D:\unblocked-games.s3.amazonaws.com"
"wasteland-shooters.html","D:\unblocked-games.s3.amazonaws.com"
"water-car-surfing.html","D:\unblocked-games.s3.amazonaws.com"
"watermelon-game.html","D:\unblocked-games.s3.amazonaws.com"
"watermelon-shooter.html","D:\unblocked-games.s3.amazonaws.com"
"waterpark-slide-io.html","D:\unblocked-games.s3.amazonaws.com"
"water-slide-cars.html","D:\unblocked-games.s3.amazonaws.com"
"weapon-strike.html","D:\unblocked-games.s3.amazonaws.com"
"we-become-what-we-behold.html","D:\unblocked-games.s3.amazonaws.com"
"wedding-beauty-salon.html","D:\unblocked-games.s3.amazonaws.com"
"wheres-my-pizza.html","D:\unblocked-games.s3.amazonaws.com"
"witch-beauty-salon.html","D:\unblocked-games.s3.amazonaws.com"
"wobble-boss.html","D:\unblocked-games.s3.amazonaws.com"
"wordle.html","D:\unblocked-games.s3.amazonaws.com"
"wordler.html","D:\unblocked-games.s3.amazonaws.com"
"wordmeister.html","D:\unblocked-games.s3.amazonaws.com"
"world-craft.html","D:\unblocked-games.s3.amazonaws.com"
"worlds-hardest-game.html","D:\unblocked-games.s3.amazonaws.com"
"worlds-hardest-game-unlocked.html","D:\unblocked-games.s3.amazonaws.com"
"worms-combat-coop.html","D:\unblocked-games.s3.amazonaws.com"
"xmas-cookie-clicker.html","D:\unblocked-games.s3.amazonaws.com"
"xtreme-paintball-wars.html","D:\unblocked-games.s3.amazonaws.com"
"x-trench-run.html","D:\unblocked-games.s3.amazonaws.com"
"zodiac-runner.html","D:\unblocked-games.s3.amazonaws.com"
"zombie-apocalypse-shooter.html","D:\unblocked-games.s3.amazonaws.com"
"zombie-crowd.html","D:\unblocked-games.s3.amazonaws.com"
"zombie-derby.html","D:\unblocked-games.s3.amazonaws.com"
"zombie-road.html","D:\unblocked-games.s3.amazonaws.com"
"zombie-war-defense.html","D:\unblocked-games.s3.amazonaws.com"
